Instance name,RL Reward,MILP Reward
1,9918.56568267759,10178.56568267759
2,10381.45958855626,10671.45958855626
3,9646.209089741284,9916.209089741284
4,10381.45958855626,10671.45958855626
