Instance name,RL Reward,MILP Reward
1,-140733.23581595346,-140733.23581595364
